{
    "lines": {
        "ci": {
            "x": [
                1, 1.164557, 1.329114, 1.493671, 1.658228, 1.822785, 1.987342,
                2.151899, 2.316456, 2.481013, 2.64557, 2.810127, 2.974684,
                3.139241, 3.303797, 3.468354, 3.632911, 3.797468, 3.962025,
                4.126582, 4.291139, 4.455696, 4.620253, 4.78481, 4.949367,
                5.113924, 5.278481, 5.443038, 5.607595, 5.772152, 5.936709,
                6.101266, 6.265823, 6.43038, 6.594937, 6.759494, 6.924051,
                7.088608, 7.253165, 7.417722, 7.582278, 7.746835, 7.911392,
                8.075949, 8.240506, 8.405063, 8.56962, 8.734177, 8.898734,
                9.063291, 9.227848, 9.392405, 9.556962, 9.721519, 9.886076,
                10.05063, 10.21519, 10.37975, 10.5443, 10.70886, 10.87342,
                11.03797, 11.20253, 11.36709, 11.53165, 11.6962, 11.86076,
                12.02532, 12.18987, 12.35443, 12.51899, 12.68354, 12.8481,
                13.01266, 13.17722, 13.34177, 13.50633, 13.67089, 13.83544, 14
            ],
            "y": [
                498.7562, 493.4875, 488.2187, 482.95, 477.6812, 472.4125,
                467.1437, 461.875, 456.6062, 451.3375, 446.0687, 440.8,
                435.5312, 430.2625, 424.9937, 419.725, 414.4563, 409.1875,
                403.9188, 398.65, 393.3813, 388.1125, 382.8438, 377.575,
                372.3063, 367.0375, 361.7688, 356.5, 351.2313, 345.9625,
                340.6938, 335.4251, 330.1563, 324.8876, 319.6188, 314.3501,
                309.0813, 303.8126, 298.5438, 293.2751, 288.0063, 282.7376,
                277.4688, 272.2001, 266.9313, 261.6626, 256.3938, 251.1251,
                245.8564, 240.5876, 235.3189, 230.0501, 224.7814, 219.5126,
                214.2439, 208.9751, 203.7064, 198.4376, 193.1689, 187.9001,
                182.6314, 177.3626, 172.0939, 166.8251, 161.5564, 156.2877,
                151.0189, 145.7502, 140.4814, 135.2127, 129.9439, 124.6752,
                119.4064, 114.1377, 108.8689, 103.6002, 98.33144, 93.06269,
                87.79394, 82.52519
            ],
            "CI_down": [
                0, 0, 0, 0, 0, 0, 0, 0, 0, 0, 0, 0, 0, 0, 0, 0, 0, 0, 0, 0, 0,
                0, 0, 0, 0, 0, 0, 0, 0, 0, 0, 0, 0, 0, 0, 0, 0, 0, 0, 0, 0, 0,
                0, 0, 0, 0, 0, 0, 0, 0, 0, 0, 0, 0, 0, 0, 0, 0, 0, 0, 0, 0, 0,
                0, 0, 0, 0, 0, 0, 0, 0, 0, 0, 0, 0, 0, 0, 0, 0, 0
            ],
            "CI_up": [
                0, 0, 0, 0, 0, 0, 0, 0, 0, 0, 0, 0, 0, 0, 0, 0, 0, 0, 0, 0, 0,
                0, 0, 0, 0, 0, 0, 0, 0, 0, 0, 0, 0, 0, 0, 0, 0, 0, 0, 0, 0, 0,
                0, 0, 0, 0, 0, 0, 0, 0, 0, 0, 0, 0, 0, 0, 0, 0, 0, 0, 0, 0, 0,
                0, 0, 0, 0, 0, 0, 0, 0, 0, 0, 0, 0, 0, 0, 0, 0, 0
            ]
        },
        "cols": [
            "black",
            "black",
            "black",
            "black",
            "black",
            "black",
            "black",
            "black",
            "black",
            "black",
            "black",
            "black",
            "black",
            "black",
            "black",
            "black",
            "black",
            "black",
            "black",
            "black",
            "black",
            "black",
            "black",
            "black",
            "black",
            "black",
            "black",
            "black",
            "black",
            "black",
            "black",
            "black"
        ]
    },
    "main": "Univariate Linear Regression Line of Best Fit",
    "axis": ["Wolves", "Elk"],
    "points": {
        "coords": {
            "x": [
                1, 1.164557, 1.329114, 1.493671, 1.658228, 1.822785, 1.987342,
                2.151899, 2.316456, 2.481013, 2.64557, 2.810127, 2.974684,
                3.139241, 3.303797, 3.468354, 3.632911, 3.797468, 3.962025,
                4.126582, 4.291139, 4.455696, 4.620253, 4.78481, 4.949367,
                5.113924, 5.278481, 5.443038, 5.607595, 5.772152, 5.936709,
                6.101266, 6.265823, 6.43038, 6.594937, 6.759494, 6.924051,
                7.088608, 7.253165, 7.417722, 7.582278, 7.746835, 7.911392,
                8.075949, 8.240506, 8.405063, 8.56962, 8.734177, 8.898734,
                9.063291, 9.227848, 9.392405, 9.556962, 9.721519, 9.886076,
                10.05063, 10.21519, 10.37975, 10.5443, 10.70886, 10.87342,
                11.03797, 11.20253, 11.36709, 11.53165, 11.6962, 11.86076,
                12.02532, 12.18987, 12.35443, 12.51899, 12.68354, 12.8481,
                13.01266, 13.17722, 13.34177, 13.50633, 13.67089, 13.83544, 14
            ],
            "y": [
                498.7562, 493.4875, 488.2187, 482.95, 477.6812, 472.4125,
                467.1437, 461.875, 456.6062, 451.3375, 446.0687, 440.8,
                435.5312, 430.2625, 424.9937, 419.725, 414.4563, 409.1875,
                403.9188, 398.65, 393.3813, 388.1125, 382.8438, 377.575,
                372.3063, 367.0375, 361.7688, 356.5, 351.2313, 345.9625,
                340.6938, 335.4251, 330.1563, 324.8876, 319.6188, 314.3501,
                309.0813, 303.8126, 298.5438, 293.2751, 288.0063, 282.7376,
                277.4688, 272.2001, 266.9313, 261.6626, 256.3938, 251.1251,
                245.8564, 240.5876, 235.3189, 230.0501, 224.7814, 219.5126,
                214.2439, 208.9751, 203.7064, 198.4376, 193.1689, 187.9001,
                182.6314, 177.3626, 172.0939, 166.8251, 161.5564, 156.2877,
                151.0189, 145.7502, 140.4814, 135.2127, 129.9439, 124.6752,
                119.4064, 114.1377, 108.8689, 103.6002, 98.33144, 93.06269,
                87.79394, 82.52519
            ]
        },
        "cols": [
            "black",
            "black",
            "black",
            "black",
            "black",
            "black",
            "black",
            "black",
            "black",
            "black",
            "black",
            "black",
            "black",
            "black",
            "black",
            "black",
            "black",
            "black",
            "black",
            "black",
            "black",
            "black",
            "black",
            "black",
            "black",
            "black",
            "black",
            "black",
            "black",
            "black",
            "black",
            "black",
            "black",
            "black",
            "black",
            "black",
            "black",
            "black",
            "black",
            "black",
            "black",
            "black",
            "black",
            "black",
            "black",
            "black",
            "black",
            "black",
            "black",
            "black",
            "black",
            "black",
            "black",
            "black",
            "black",
            "black",
            "black",
            "black",
            "black",
            "black",
            "black",
            "black",
            "black",
            "black",
            "black",
            "black",
            "black",
            "black",
            "black",
            "black",
            "black",
            "black",
            "black",
            "black",
            "black",
            "black",
            "black",
            "black",
            "black",
            "black"
        ],
        "shape": [
            -1, -1, -1, -1, -1, -1, -1, -1, -1, -1, -1, -1, -1, -1, -1, -1, -1,
            -1, -1, -1, -1, -1, -1, -1, -1, -1, -1, -1, -1, -1, -1, -1, -1, -1,
            -1, -1, -1, -1, -1, -1, -1, -1, -1, -1, -1, -1, -1, -1, -1, -1, -1,
            -1, -1, -1, -1, -1, -1, -1, -1, -1, -1, -1, -1, -1, -1, -1, -1, -1,
            -1, -1, -1, -1, -1, -1, -1, -1, -1, -1, -1, -1
        ],